[
{"pk": 1, "model": "manager.device", "fields": {"name": "manager3", "description": "manager3"}},
{"pk": 1, "model": "manager.host", "fields": {"username": "", "hostname": "manager3", "driver": "qemu", "extraparameters": "", "path": "system", "password": "", "port": null, "transport": "tls"}},
{"pk": 1, "model": "manager.slice", "fields": {"owner": 1, "state": "deployed", "name": "provinet-2"}},
{"pk": 1, "model": "manager.image", "fields": {"target_dev": "virtio", "path": "/usr/local/var/lib/libvirt/images/ubuntu-12.04-server-cloudimg-i386.img", "description": "Ubuntu Cloud Server 12.04.", "name": "Ubuntu Cloud", "file_format": "qcow2"}},
{"pk": 2, "model": "manager.image", "fields": {"target_dev": "virtio", "path": "/usr/local/var/lib/libvirt/images/ubuntu-12.04.1-desktop-i386.img", "description": "Ubuntu 12.04.1 - Desktop. Maximum storage size 10GB.", "name": "Ubuntu Desktop", "file_format": "qcow2"}},
{"pk": 3, "model": "manager.image", "fields": {"target_dev": "ide", "path": "/usr/local/var/lib/libvirt/images/openwrt-x86-ext2.image", "description": "OpenWrt image with SNMP support.", "name": "OpenWrt", "file_format": "raw"}},
{"pk": 105, "model": "manager.virtualdevice", "fields": {"belongs_to_slice": null, "name": "UbuntuCloud-06"}},
{"pk": 106, "model": "manager.virtualdevice", "fields": {"belongs_to_slice": null, "name": "UbuntuDesktop01"}},
{"pk": 107, "model": "manager.virtualdevice", "fields": {"belongs_to_slice": 1, "name": "Node0-provinet-2"}},
{"pk": 108, "model": "manager.virtualdevice", "fields": {"belongs_to_slice": 1, "name": "Node1-provinet-2"}},
{"pk": 109, "model": "manager.virtualdevice", "fields": {"belongs_to_slice": 1, "name": "Node2-provinet-2"}},
{"pk": 110, "model": "manager.virtualdevice", "fields": {"belongs_to_slice": 1, "name": "Node3-provinet-2"}},
{"pk": 111, "model": "manager.virtualdevice", "fields": {"belongs_to_slice": 1, "name": "Switch1-provinet-2"}},
{"pk": 112, "model": "manager.virtualdevice", "fields": {"belongs_to_slice": 1, "name": "Switch2-provinet-2"}},
{"pk": 122, "model": "manager.virtualdevice", "fields": {"belongs_to_slice": null, "name": "OpenWrt06"}},
{"pk": 105, "model": "manager.virtualmachine", "fields": {"feature_pae": false, "clock": "", "vcpu": 1, "image": 1, "driver": "remote", "feature_apic": false, "host": 1, "disk_path": "/usr/local/var/lib/libvirt/images/ubuntu-12.04-server-cloudimg-i386.img.105", "memory": 131072, "feature_acpi": false}},
{"pk": 106, "model": "manager.virtualmachine", "fields": {"feature_pae": false, "clock": "", "vcpu": 1, "image": 2, "driver": "remote", "feature_apic": false, "host": 1, "disk_path": "/usr/local/var/lib/libvirt/images/ubuntu-12.04.1-desktop-i386.img.106", "memory": 524288, "feature_acpi": false}},
{"pk": 107, "model": "manager.virtualmachine", "fields": {"feature_pae": false, "clock": "", "vcpu": 1, "image": 1, "driver": "remote", "feature_apic": false, "host": 1, "disk_path": "/usr/local/var/lib/libvirt/images/ubuntu-12.04-server-cloudimg-i386.img.107", "memory": 131072, "feature_acpi": false}},
{"pk": 108, "model": "manager.virtualmachine", "fields": {"feature_pae": false, "clock": "", "vcpu": 1, "image": 1, "driver": "remote", "feature_apic": false, "host": 1, "disk_path": "/usr/local/var/lib/libvirt/images/ubuntu-12.04-server-cloudimg-i386.img.108", "memory": 131072, "feature_acpi": false}},
{"pk": 109, "model": "manager.virtualmachine", "fields": {"feature_pae": false, "clock": "", "vcpu": 1, "image": 1, "driver": "remote", "feature_apic": false, "host": 1, "disk_path": "/usr/local/var/lib/libvirt/images/ubuntu-12.04-server-cloudimg-i386.img.109", "memory": 131072, "feature_acpi": false}},
{"pk": 110, "model": "manager.virtualmachine", "fields": {"feature_pae": false, "clock": "", "vcpu": 1, "image": 1, "driver": "remote", "feature_apic": false, "host": 1, "disk_path": "/usr/local/var/lib/libvirt/images/ubuntu-12.04-server-cloudimg-i386.img.110", "memory": 131072, "feature_acpi": false}},
{"pk": 122, "model": "manager.virtualmachine", "fields": {"feature_pae": false, "clock": "", "vcpu": 1, "image": 3, "driver": "remote", "feature_apic": false, "host": 1, "disk_path": "/usr/local/var/lib/libvirt/images/openwrt-x86-ext2.image.122", "memory": 131072, "feature_acpi": false}},
{"pk": 141, "model": "manager.virtualinterface", "fields": {"attached_to": 105, "target": "veth141", "alias": "net0", "if_type": "ethernet", "source": null, "mac_address": "00:00:00:00:01:41"}},
{"pk": 142, "model": "manager.virtualinterface", "fields": {"attached_to": 106, "target": "veth142", "alias": "net0", "if_type": "network", "source": null, "mac_address": "00:00:00:00:01:42"}},
{"pk": 143, "model": "manager.virtualinterface", "fields": {"attached_to": 107, "target": "veth143", "alias": "net0", "if_type": "ethernet", "source": null, "mac_address": "00:00:00:00:01:43"}},
{"pk": 144, "model": "manager.virtualinterface", "fields": {"attached_to": 108, "target": "veth144", "alias": "net0", "if_type": "ethernet", "source": null, "mac_address": "00:00:00:00:01:44"}},
{"pk": 145, "model": "manager.virtualinterface", "fields": {"attached_to": 109, "target": "veth145", "alias": "net0", "if_type": "ethernet", "source": null, "mac_address": "00:00:00:00:01:45"}},
{"pk": 146, "model": "manager.virtualinterface", "fields": {"attached_to": 110, "target": "veth146", "alias": "net0", "if_type": "ethernet", "source": null, "mac_address": "00:00:00:00:01:46"}},
{"pk": 147, "model": "manager.virtualinterface", "fields": {"attached_to": 111, "target": "veth147", "alias": "port0", "if_type": "bridge", "source": null, "mac_address": "00:00:00:00:01:47"}},
{"pk": 148, "model": "manager.virtualinterface", "fields": {"attached_to": 111, "target": "veth148", "alias": "port1", "if_type": "bridge", "source": null, "mac_address": "00:00:00:00:01:48"}},
{"pk": 149, "model": "manager.virtualinterface", "fields": {"attached_to": 111, "target": "veth149", "alias": "port2", "if_type": "bridge", "source": null, "mac_address": "00:00:00:00:01:49"}},
{"pk": 150, "model": "manager.virtualinterface", "fields": {"attached_to": 112, "target": "veth150", "alias": "port0", "if_type": "bridge", "source": null, "mac_address": "00:00:00:00:01:50"}},
{"pk": 151, "model": "manager.virtualinterface", "fields": {"attached_to": 112, "target": "veth151", "alias": "port1", "if_type": "bridge", "source": null, "mac_address": "00:00:00:00:01:51"}},
{"pk": 152, "model": "manager.virtualinterface", "fields": {"attached_to": 112, "target": "veth152", "alias": "port2", "if_type": "bridge", "source": null, "mac_address": "00:00:00:00:01:52"}},
{"pk": 163, "model": "manager.virtualinterface", "fields": {"attached_to": 122, "target": "veth163", "alias": "net0", "if_type": "network", "source": null, "mac_address": "00:00:00:00:01:63"}},
{"pk": 1, "model": "manager.virtuallink", "fields": {"if_end": 147, "state": "created", "belongs_to_slice": 1, "if_start": 143}},
{"pk": 2, "model": "manager.virtuallink", "fields": {"if_end": 148, "state": "created", "belongs_to_slice": 1, "if_start": 144}},
{"pk": 3, "model": "manager.virtuallink", "fields": {"if_end": 150, "state": "created", "belongs_to_slice": 1, "if_start": 149}},
{"pk": 4, "model": "manager.virtuallink", "fields": {"if_end": 151, "state": "created", "belongs_to_slice": 1, "if_start": 145}},
{"pk": 5, "model": "manager.virtuallink", "fields": {"if_end": 152, "state": "created", "belongs_to_slice": 1, "if_start": 146}},
{"pk": 1, "model": "manager.virtuallinkqos", "fields": {"latency": 200, "bandwidth_down_maximum": 10, "belongs_to_virtual_link": 1, "bandwidth_down_committed": 50, "bandwidth_up_committed": 50, "bandwidth_up_maximum": 10}},
{"pk": 2, "model": "manager.virtuallinkqos", "fields": {"latency": 200, "bandwidth_down_maximum": 10, "belongs_to_virtual_link": 2, "bandwidth_down_committed": 50, "bandwidth_up_committed": 50, "bandwidth_up_maximum": 10}},
{"pk": 3, "model": "manager.virtuallinkqos", "fields": {"latency": 200, "bandwidth_down_maximum": 10, "belongs_to_virtual_link": 3, "bandwidth_down_committed": 50, "bandwidth_up_committed": 50, "bandwidth_up_maximum": 10}},
{"pk": 4, "model": "manager.virtuallinkqos", "fields": {"latency": 200, "bandwidth_down_maximum": 10, "belongs_to_virtual_link": 4, "bandwidth_down_committed": 50, "bandwidth_up_committed": 50, "bandwidth_up_maximum": 10}},
{"pk": 5, "model": "manager.virtuallinkqos", "fields": {"latency": 200, "bandwidth_down_maximum": 10, "belongs_to_virtual_link": 5, "bandwidth_down_committed": 50, "bandwidth_up_committed": 50, "bandwidth_up_maximum": 10}},
{"pk": 111, "model": "manager.virtualrouter", "fields": {"dev_name": "br111", "host": 1, "cp_type": "dynamic", "cp_routing_protocol": "openflow"}},
{"pk": 112, "model": "manager.virtualrouter", "fields": {"dev_name": "br112", "host": 1, "cp_type": "dynamic", "cp_routing_protocol": "openflow"}},
{"pk": 1, "model": "manager.remotecontroller", "fields": {"controller_type": "master", "controls_vrouters": [], "ip": "143.54.12.203", "belongs_to_slice": null, "connection": "tcp", "port": "6633"}},
{"pk": 3, "model": "manager.remotecontroller", "fields": {"controller_type": "master", "controls_vrouters": [], "ip": "127.0.0.1", "belongs_to_slice": null, "connection": "tcp", "port": "6633"}},
{"pk": 4, "model": "manager.remotecontroller", "fields": {"controller_type": "slave", "controls_vrouters": [], "ip": "143.54.12.86", "belongs_to_slice": null, "connection": "tcp", "port": "6633"}},
{"pk": 5, "model": "manager.remotecontroller", "fields": {"controller_type": "master", "controls_vrouters": [], "ip": "143.54.12.181", "belongs_to_slice": null, "connection": "tcp", "port": "6633"}},
{"pk": 6, "model": "manager.remotecontroller", "fields": {"controller_type": "master", "controls_vrouters": [111, 112], "ip": "143.54.12.40", "belongs_to_slice": 1, "connection": "tcp", "port": "6633"}},
{"pk": 7, "model": "manager.remotecontroller", "fields": {"controller_type": "slave", "controls_vrouters": [111, 112], "ip": "143.54.12.156", "belongs_to_slice": 1, "connection": "tcp", "port": "6633"}}
]
